[
  {
    "id": 1,
    "priority": 10,
    "action": {
      "type": "modifyHeaders",
      "requestHeaders": [
        { "header": "accept", "operation": "remove" }
      ]
    },
    "condition": { "urlFilter": "||i.redd.it/*", "resourceTypes": ["main_frame"] }
  },
  {
    "id": 2,
    "priority": 10,
    "action": {
      "type": "redirect",
      "redirect": {
        "transform": { "host": "i.redd.it", "query": "" }
      }
    },
    "condition": { "urlFilter": "||preview.redd.it/*", "resourceTypes": ["main_frame"] }
  },
  {
    "id": 3,
    "priority": 20,
    "action": { "type": "block" },
    "condition": { "urlFilter": "https://i.redd.it/favicon.ico", "resourceTypes": ["image"] }
  },
  {
    "id": 4,
    "priority": 10,
    "action": {
      "type": "modifyHeaders",
      "requestHeaders": [
        { "header": "accept", "operation": "remove" }
      ]
    },
    "condition": { "urlFilter": "||external-preview.redd.it/*", "resourceTypes": ["main_frame"] }
  },
  {
    "id": 5,
    "priority": 20,
    "action": { "type": "block" },
    "condition": { "urlFilter": "https://external-preview.redd.it/favicon.ico", "resourceTypes": ["image"] }
  },
  {
    "id": 6,
    "priority": 10,
    "action": {
      "type": "redirect",
      "redirect": {
        "regexSubstitution": "https://\\${domain}.redd.it/\\2?\\3"
      }
    },
    "condition": { "regexFilter": "^(?:.*?)www\\.reddit\\.com/media\\?url=https(?:%3A|:)(?://|%2F%2F)(?<domain>.+?)\\.redd\\.it%2F(.*?)(?:&|%3F)(.*)", "resourceTypes": ["main_frame"] }
  }
]